"12 FLERIMAC RD|TORONTO, ONTARIO M1E4A9",0
"4101 SHEPPARD AVE E|TORONTO, ONTARIO M1S3H3",1
"107 BRAYMORE BLVD|TORONTO, ONTARIO M1B2N6",2
"906 150 MAIN ST W|HAMILTON, ONTARIO L8P1H8",3
"1036 MCCUAIG DR|MILTON, ONTARIO L9T6S3",4
"165 TREVERTON DR|TORONTO, ONTARIO M1K3T1",5
"87 STEELES AVE E|TORONTO, ONTARIO M2M3Y4",6
"1111 99 BLACKWELL AVE|TORONTO, ONTARIO M1B3R5",7
"55 JAMES GRAY  DR|TORONTO, ONTARIO M2H1N8",8
"1 75 WILLIAM STREET|HAMILTON, ONTARIO L8L5T6",9
"B1 1 MUIRBANK BLVD|TORONTO, ONTARIO M1C4R8",10
"A 138 ANGUS DR|TORONTO, ONTARIO M2J2X1",11
"4 75 EVANS AVE|TORONTO, ONTARIO M8Z1H7",12
"5 ONSLOW CRT|OAKVILLE, ONTARIO L6H1J1",13
"MBR 2031 WESTREE DR|OAKVILLE, ONTARIO L6M3W3",14
"83 TEMPERANCE ST|AURORA, ONTARIO L4G2R1",15
"3609DEN 181 DUNDAS ST E|TORONTO, ONTARIO M5A0N5",16
"17 COAST AVE|VAUGHAN, ONTARIO L6A3Y1",17
"B2 13 HERZBERG GDNS|TORONTO, ONTARIO M3J3P5",18
"369 MARGUERETTA ST|TORONTO, ONTARIO M6H3S6",19
"115 OASIS BLVD|TORONTO, ONTARIO M1X0B4",20
"203 206 CARLTON ST|TORONTO, ONTARIO M5A2L1",21
"6 347 JANE ST|TORONTO, ONTARIO M6S3Z3",22
"A 73 TWENTY FOURTH ST|TORONTO, ONTARIO M8V3N7",23
"206 CARLTON STREET UNIT 104|TORONTO, ONTARIO M5A2L1",24
"13 CULLODEN CIRC|TORONTO, ONTARIO M1C0E9",25
"192 BOGERT AVE AVE|TORONTO, ONTARIO M2N1K9",26
"3504 28 WELLESLEY ST E|TORONTO, ONTARIO M4Y0C4",27
"34 FORBES CRES|MARKHAM, ONTARIO L3R6S5",28
"22 MILL ST|MARKHAM, ONTARIO L3P1K9",29
"122 GOULDING AVE|TORONTO, ONTARIO M2M1L6",30
"64 QUEENS DR|TORONTO, ONTARIO M9N2H6",31
"19 CANDLEBROOK CRES|TORONTO, ONTARIO M1W4B3",32
"314 PALMER AVE|RICHMOND HILL, ONTARIO L4C1P3",33
"749 SWAN  PL|PICKERING, ONTARIO L1X2V8",34
"110 WHITE BEACH CRES|VAUGHAN, ONTARIO L6A0R2",35
"80 NORTH EDGELY AVE|TORONTO, ONTARIO M1K1T7",36
"16 TRINNELL BLVD|TORONTO, ONTARIO M1L1S5",37
"1874 FAIRPORT RD|PICKERING, ONTARIO L1V1T4",38
"59 BARKER AVE|TORONTO, ONTARIO M4C2N5",39
"747 GIFFORD ST|OSHAWA, ONTARIO L1H4W1",40
"2047 SHAY DR|PICKERING, ONTARIO L1X1Y1",41
"3 193 WENTWORTH ST N|HAMILTON, ONTARIO L8L5V6",42
"2 207 CABOT ST|OSHAWA, ONTARIO L1J5S2",43
"24 JONDAN CRES|MARKHAM, ONTARIO L3T3Z5",44
"161 BOB YUILL DR|TORONTO, ONTARIO M9M0B1",45
"45 BRIARSCROSS  BLVD|TORONTO, ONTARIO M1S3K6",46
"384 AYLESWORTH AVE|TORONTO, ONTARIO M1N2K6",47
"641 TENNYSON AVE|OSHAWA, ONTARIO L1H3K3",48
"3225 BRUZAN CRES|MISSISSAUGA, ONTARIO L5N8E7",49
"1 EDWARD STREET UNIT B|HAMILTON, ONTARIO L8L2V2",50
"11 MCDONALD DR|AURORA, ONTARIO L4G2T4",51
"83 LONGVIEW DR|BRADFORD WEST GWILLIMBURY, ONTARIO L3Z2Z2",52
"72 ADAMS ST|BRADFORD WEST GWILLIMBURY, ONTARIO L3Z3E2",53
"2 WEBSTER DR|AURORA, ONTARIO L4G2A5",54
"155 MORTIMER AVE|TORONTO, ONTARIO M4J2C4",55
"7360 MANION RD|MISSISSAUGA, ONTARIO L4T2K6",56
"449 CENTRE ST|RICHMOND HILL, ONTARIO L4C1B8",57
"106 BONHAM BLVD|MISSISSAUGA, ONTARIO L5M1C7",58
"98 DUKE STREET|HAMILTON, ONTARIO L8P1X5",59
"17 COPLAND TR|AURORA, ONTARIO L4G4S6",60
"1951 DUFFERIN ST|TORONTO, ONTARIO M6E3P8",61
"B 58 EASTLAWN ST|OSHAWA, ONTARIO L1H7J8",62
"105 325 SAMMON AVE|TORONTO, ONTARIO M4J2A1",63
"44 MEDLEY CRES|TORONTO, ONTARIO M1J1Y3",64
"844 DANFORTH AVE|TORONTO, ONTARIO M4J1L7",65
"L5M 6W3 3020 HAWKTAIL CRES|MISSISSAUGA, ONTARIO L5M6W3",66
"C 73 GORT AVE|TORONTO, ONTARIO M8W3Y9",67
"6431 SEAVER RD|MISSISSAUGA, ONTARIO L5V2H9",68
"411 PALING AVENUE|HAMILTON, ONTARIO L8H5K3",69
"411 PALING AVE|HAMILTON, ONTARIO L8H5K3",70
"50 WILCLAY AVE|MARKHAM, ONTARIO L3S1S4",71
"95 BUNCHBERRY WAY|BRAMPTON, ONTARIO L6R2E8",72
"1099 DUNBARTON RD|PICKERING, ONTARIO L1V4E4",73
"01 180 CARLTON ST|TORONTO, ONTARIO M5A2K6",74
"951 MINK ST|PICKERING, ONTARIO L1W2G6",75
"685 PERRY CRES|OSHAWA, ONTARIO L1J2E4",76
"3 CHAPPARAL  DR|BRAMPTON, ONTARIO L6R3C5",394
"4 WICKLOW RD|BRAMPTON, ONTARIO L6X0J7",78
"8 ROSCOE RD|TORONTO, ONTARIO M1B2K1",79
"33 FLURRY CIRC|BRAMPTON, ONTARIO L6X0S7",80
"48 MAHONEY B1 AVE|TORONTO, ONTARIO M6M2H4",81
"16103 FOXCHASE AVE|VAUGHAN, ONTARIO L4L9K7",82
"327 PHILLIP MURRAY AVE|OSHAWA, ONTARIO L1J1H1",83
"17 RUSHINGBROOK DR|RICHMOND HILL, ONTARIO L4S1W6",84
"B 333 GLENHOLME AVE|TORONTO, ONTARIO M6E3E4",85
"240 ETNA AVE|OSHAWA, ONTARIO L1H3B9",86
"B 720 COXWELL AVE|TORONTO, ONTARIO M4C3C2",87
"140 DAVISVILLE AVE|TORONTO, ONTARIO M4S1E8",88
"A  24 SYNDICATE AVE|TORONTO, ONTARIO M6N4M5",89
"585 DEVON AVE|OSHAWA, ONTARIO L1H1R9",90
"83 DUNMAIL DR|TORONTO, ONTARIO M1V1V8",91
"246 NAIRN AVE|TORONTO, ONTARIO M6E4H4",92
"26 SCOTSWOOD RD|TORONTO, ONTARIO M1R3N2",93
"80 MOUNT FUJI CRES|BRAMPTON, ONTARIO L6R2L5",94
"6 BERKSHIRE SQ|BRAMPTON, ONTARIO L6Z1N4",95
"52 ARLINGTON DR|GEORGINA, ONTARIO L4P4H6",96
"643 1900 SIMCOE N ST|OSHAWA, ONTARIO L1G4Y3",97
"35 ROBIDEAU PL|WHITBY, ONTARIO L1R3G6",98
"780 KHAN CRES|MISSISSAUGA, ONTARIO L5V2R2",99
"101 WILSTEAD DR|NEWMARKET, ONTARIO L3Y4T8",100
"1235 SOMERVILLE ST|OSHAWA, ONTARIO L1G4L1",101
"200 15240 YONGE ST|AURORA, ONTARIO L4G1L9",102
"L 48 CLEARVIEW HTS|KING, ONTARIO L7B1H5",103
"148 RIVERGLEN DR|GEORGINA, ONTARIO L4P2R2",104
"619 1900 SIMCOE ST N|OSHAWA, ONTARIO L1G0C1",105
"724 EGLINTON AVE E|TORONTO, ONTARIO M4G2K7",106
"328 LINSMORE CRES|TORONTO, ONTARIO M4J4M2",107
"1900 SIMCOE STREET N UNIT 711|OSHAWA, ONTARIO L1G0C1",108
"516 1900 SIMCOE ST N|OSHAWA, ONTARIO L1G4Y3",109
"711 1900 SIMCOE ST N|OSHAWA, ONTARIO L1G0C1",110
"2 546 BARTON ST E|HAMILTON, ONTARIO L8L2Z1",111
"72 PARKDENE CRT E|TORONTO, ONTARIO M1W2J3",112
"45 BARONESS CRES|TORONTO, ONTARIO M2J3K4",113
"62 MUSKOX DR|TORONTO, ONTARIO M1B6E7",114
"1 LADY LORETTA LANE|VAUGHAN, ONTARIO L6A4G3",115
"456 SYMINGTON AVE|TORONTO, ONTARIO M6N2W5",116
"11 PAULINE AVE|TORONTO, ONTARIO M6H3M7",117
"412 80 BOND ST E|OSHAWA, ONTARIO L1G0E6",118
"19 PATRICE CRES N|VAUGHAN, ONTARIO L4J4Y8",119
"22 ROEHAMPTON CRES|BRAMPTON, ONTARIO L6Y2R4",120
"149 TERROSA RD|MARKHAM, ONTARIO L3S2P7",121
"2 914 SHEPPARD AVE W|TORONTO, ONTARIO M3H2T6",122
"482 CONCORD AVE|TORONTO, ONTARIO M6H2P8",123
"221 ROSEDALE  DR|WHITBY, ONTARIO L1N1Z2",124
"MAIN F 68 CLAVER AVE|TORONTO, ONTARIO M6B2W2",125
"219 ROXTON RD|TORONTO, ONTARIO M6J2Y4",126
"21 NOBLE DR|AJAX, ONTARIO L1Z1B8",127
"175 STATHER  CRES|MARKHAM, ONTARIO L3S2X2",128
"89 HOWLING CRES|AJAX, ONTARIO L1S7R9",129
"1511 TERRACOTTA CRT|PICKERING, ONTARIO L1X2M8",130
"76 EXFORD DR|TORONTO, ONTARIO M1P1M3",131
"2 ROLLO DR|AJAX, ONTARIO L1S7E7",132
"19 NORTH WOODROW BLVD|TORONTO, ONTARIO M1K1W2",133
"11 GARFIELD CRES|BRAMPTON, ONTARIO L6V1V7",134
"804 500 DAWES RD|TORONTO, ONTARIO M4B2G1",135
"809 500 DAWES RD S|TORONTO, ONTARIO M4B2G1",136
"811 500 DAWES RD|TORONTO, ONTARIO M4B2G1",137
"1509 500 DAWES RD|TORONTO, ONTARIO M4B2G1",138
"A 128 BANNOCKBURN AVE|TORONTO, ONTARIO M5M2N3",139
"9 WILLESDEN RD|TORONTO, ONTARIO M2H1V7",140
"117 PATRICIA AVE|TORONTO, ONTARIO M2M1J3",141
"207 LISA CRES|VAUGHAN, ONTARIO L4J2N2",142
"77 BRINLOOR BLVD|TORONTO, ONTARIO M1M1L4",143
"265 LAPPIN AVE|TORONTO, ONTARIO M6H1Y9",144
"106 256 SHERBOURNE ST|TORONTO, ONTARIO M5A2S1",145
"125 GREEN BUSH CRES|VAUGHAN, ONTARIO L4J5M3",146
"5 HILLBECK CRES|TORONTO, ONTARIO M1B2M8",147
"2ND FLR 23 LUTTRELL AVE|TORONTO, ONTARIO M4C5E2",148
"41 RAVENGLOSS DR|MARKHAM, ONTARIO L3T4C8",149
"974 RITSON RD N|OSHAWA, ONTARIO L1G6Z5",150
"2 164 RICHARD CLARK DR|TORONTO, ONTARIO M3M1V4",151
"5 HEARTHSTONE CRES|CLARINGTON, ONTARIO L1E2X7",152
"334 RITA'S AVE|NEWMARKET, ONTARIO L3X2N2",153
"569 VIEW LAKE RD|SCUGOG, ONTARIO L0B1K0",154
"190 DEERGLEN TERR|AURORA, ONTARIO L4G6Y5",155
"947 SOUTHLAWN DR|PETERBOROUGH, ONTARIO K9J1E9",156
"42 LUNDY'S  LANE|NEWMARKET, ONTARIO L3Y3R8",157
"705 NAIRN CRT|OSHAWA, ONTARIO L1J6H5",158
"141 ROMANELLI CRES|BRADFORD WEST GWILLIMBURY, ONTARIO L3Z0X7",159
"2589 CRAFTSMAN DR|OSHAWA, ONTARIO L1L0M3",160
"115 ALFRED PATERSON DR|MARKHAM, ONTARIO L6E1K8",161
"128 LAING DR|WHITBY, ONTARIO L1P0N5",162
"42 WALKER BLVD|NEW TECUMSETH, ONTARIO L9R0N2",163
"2171 MORNINGSIDE AVE|TORONTO, ONTARIO M1X2E5",164
"F315 275 LARCH ST|WATERLOO, ONTARIO N2L3R2",165
"102 210 CARLTON ST|TORONTO, ONTARIO M5A2L1",166
"37 ESTRELLA CRES|RICHMOND HILL, ONTARIO L4E0S4",167
"217 270 HAGEN ST E|SOUTHGATE, ONTARIO N0C1B0",168
"270 HAGAN STREET UNIT 114|DUNDALK, ONTARIO N0C1B0",169
"114 270 HAGAN ST|SOUTHGATE, ONTARIO N0C1B0",170
"516 70 KING ST E|OSHAWA, ONTARIO L1H0A2",171
"44 YARDMASTER DR|BRAMPTON, ONTARIO L7A3Z7",172
"147 BRITANNIA AVE|BRADFORD WEST GWILLIMBURY, ONTARIO L3Z2R7",173
"854 COSBURN AVE|TORONTO, ONTARIO M4C2W2",174
"55 MARTIN ST|BRADFORD WEST GWILLIMBURY, ONTARIO L3Z1Z4",175
"76 BARD BLVD|GUELPH, ONTARIO N1L0E3",176
"74 HUDSON DR|BRAMPTON, ONTARIO L6Y4K8",177
"162 ASHRIDGE CRT|MISSISSAUGA, ONTARIO L4Z1M9",178
"A 250 WELDRICK RD W|RICHMOND HILL, ONTARIO L4C3V3",179
"689 BALATON AVE|PICKERING, ONTARIO L1W1W2",180
"65 ALDONSCHOOL CRT W|AJAX, ONTARIO L1S2R3",181
"52 HAINSWORTH CRT|MARKHAM, ONTARIO L3S1T5",182
"265 SENATOR ST|PICKERING, ONTARIO L1V6N1",183
"4483 SEDGEFIELD RD|MISSISSAUGA, ONTARIO L5M3B9",184
"U 3 66 PROSPECT ST|NEWMARKET, ONTARIO L3Y3S9",185
"122 FADINE RD|NEWMARKET, ONTARIO L3X2P2",186
"283 MCCONVEY DR|RICHMOND HILL, ONTARIO L4C3K1",187
"52 EAGLE ST|NEWMARKET, ONTARIO L3Y1J3",188
"428A GILBERT AVE|TORONTO, ONTARIO M6E4X3",189
"14 RIPON RD|TORONTO, ONTARIO M4B1H9",190
"3498 BALA DR|MISSISSAUGA, ONTARIO L5M7N3",191
"REAR 2780 YONGE ST|TORONTO, ONTARIO M4N2J2",192
"221 70 KING ST E|OSHAWA, ONTARIO L1H0A2",193
"87 NOAH'S FARM TR|WHITCHURCHSTOUFFVILLE, ONTARIO L4A4N9",194
"88 WELLINGTON  AVE|OSHAWA, ONTARIO L1H3X9",195
"93 KNOTTY PINE DR|WHITBY, ONTARIO L1R2H3",196
"2 2723 BUR OAK  AVE|MARKHAM, ONTARIO L6B1K7",197
"10 CANARY ST|WHITBY, ONTARIO L9A2M4",198
"6 NANTUCKET DR|RICHMOND HILL, ONTARIO L4E3V1",199
"31 HAYERAFT ST|WHITBY, ONTARIO L1P0C6",200
"71 AIKENHEAD AVE|RICHMOND HILL, ONTARIO L4S0C4",201
"MAIN 42 RITSON RD S|OSHAWA, ONTARIO L1H5G9",202
"29 SPRINGER  DR|RICHMOND HILL, ONTARIO L4C0E9",203
"18 CHILD DR|AURORA, ONTARIO L4G1Y5",204
"334 MONARCH PARK AVE|TORONTO, ONTARIO M4J4T3",205
"284 WILLIAMSON RD|MARKHAM, ONTARIO L6E1X1",206
"123 LOWTHER AVE|RICHMOND HILL, ONTARIO L4E4P4",207
"71 KULPIN AVE|BRADFORD WEST GWILLIMBURY, ONTARIO L3Z1T6",208
"3RD FLR 89  ELLSWORTH AVE|TORONTO, ONTARIO M6G2K4",209
"13 OVERTURE LANE|BRAMPTON, ONTARIO L6S6H9",210
"45 DELLANO ST|MARKHAM, ONTARIO L3S2N8",211
"108 740 EGLINTON AVE W|TORONTO, ONTARIO M5N1C4",212
"37 ALVIN CURLING CRES|TORONTO, ONTARIO M1V0E7",213
"485 STRATHMORE BLVD|TORONTO, ONTARIO M4C1N8",214
"87 VALDOR  DR|TORONTO, ONTARIO M1V1R3",215
"223 GARDENBROOKE  TR|BRAMPTON, ONTARIO L6P3C9",216
"93 RICHARDSON DR|AURORA, ONTARIO L4G1Z4",217
"49 LONGFORD DR|NEWMARKET, ONTARIO L3Y2Y6",218
"23 COURTFIELD CRES|MARKHAM, ONTARIO L6C2R8",219
"A 23A LOOKOUT DR|CLARINGTON, ONTARIO L1C7G1",220
"25 GABRIELLE CRES|WHITBY, ONTARIO L1R3M6",221
"607 WYCHWOOD ST|OSHAWA, ONTARIO L1G2T4",222
"49 PORTAGE AVE|RICHMOND HILL, ONTARIO L4E2Z5",223
"42 MISTYCREEK CRES|BRAMPTON, ONTARIO L7A3E8",224
"151507 12TH LINE|EAST GARAFRAXA, ONTARIO L0N1G0",225
"2 156 ATHERTON AVE|AJAX, ONTARIO L1T0H8",226
"150 FONTESELVA AVE|VAUGHAN, ONTARIO L4H2H9",227
"B1 98 LEUTY AVE|TORONTO, ONTARIO M4E2R4",228
"49 TITAN TR|MARKHAM, ONTARIO L3S0E2",229
"601 COLBORNE ST E|WHITBY, ONTARIO L1N1W8",230
"B 485 ORIOLE PKWY|TORONTO, ONTARIO M5P2H9",231
"602 CALEDONIA RD W|TORONTO, ONTARIO M6E4V5",232
"25 HARNISH CRES|TORONTO, ONTARIO M2M2C2",233
"415 500 DAWES RD|TORONTO, ONTARIO M4B2G1",234
"603 500 DAWES RD|TORONTO, ONTARIO M4B2G1",235
"716 500 DAWES RD|TORONTO, ONTARIO M4B2G1",236
"1322 PLAYFORD RD|MISSISSAUGA, ONTARIO L5J3V7",237
"1 174 JOHN STREET S|HAMILTON, ONTARIO L8N2C6",238
"23 FAIRHOLT ROAD N|HAMILTON, ONTARIO L8M2S9",239
"503 15 QUEEN ST S|HAMILTON, ONTARIO L8P0C6",240
"2028 CANNING  CRES|BURLINGTON, ONTARIO L7P3S5",241
"8832 HALTON ERIN TOWNLINE UNIT A|ERIN, ONTARIO L7J2L9",242
"A 8832 HALTON ERIN TOWNLINE|ERIN, ONTARIO L7J2L9",243
"B 43 TISDALE ST S|HAMILTON, ONTARIO L8N2W1",244
"53 BROWNVILLE AVE|TORONTO, ONTARIO M6N4L2",245
"9 LAREDO CRT|TORONTO, ONTARIO M2M4H8",246
"160 RUGGLES  AVE W|RICHMOND HILL, ONTARIO L4C1Y4",247
"48 LINDVEST CRES E|VAUGHAN, ONTARIO L6A4N2",248
"127 HOLM CRES|MARKHAM, ONTARIO L3T5J4",249
"251B CHISHOLM AVE|TORONTO, ONTARIO M4C4W5",250
"69 BATCHFORD CRES|MARKHAM, ONTARIO L6B0C2",251
"174 SANTA AMATO CRES|VAUGHAN, ONTARIO L4J0E7",252
"2 78 GEORGE STREET|HAMILTON, ONTARIO L8P1C9",253
"TH13 93 THE QUEENSWAY AVE|TORONTO, ONTARIO M6S5A7",254
"9 SELINE CRES|BARRIE, ONTARIO L4N0Y6",255
"617 CARNEGIE AVE|OSHAWA, ONTARIO L1G4R4",256
"147 RUSHWORTH DR|AJAX, ONTARIO L1Z2A3",257
"39 WINDHILL  CRES|TORONTO, ONTARIO M9M1Y1",258
"348 CROSBY AVE|RICHMOND HILL, ONTARIO L4C2R7",259
"186 GRANDRAVINE DR|TORONTO, ONTARIO M3J1B7",260
"127 BRISTOL AVE|TORONTO, ONTARIO M6H3J8",261
"33 SHIRLEY ST|TORONTO, ONTARIO M6K1S8",262
"41 FLEETWELL CRT|TORONTO, ONTARIO M2R1L4",263
"207 325 SAMMON AVE|TORONTO, ONTARIO M4J2A1",264
"COACH 34 CARDREW ST|MARKHAM, ONTARIO L6B1G2",265
"53 MORNA AVE|TORONTO, ONTARIO M1E2A9",266
"3 262 SHERBOURNE ST|TORONTO, ONTARIO M5A2S1",267
"41 WALLACE ST|NEW TECUMSETH, ONTARIO L9R2G5",268
"3 ACTON  UNIT AVE|TORONTO, ONTARIO M3H4G6",269
"36 ISHERWOOD CRES|VAUGHAN, ONTARIO L4H3N9",270
"APT 1 2398 BLOOR ST W|TORONTO, ONTARIO M6S1P5",271
"2016 ERIN GATE BLVD|PICKERING, ONTARIO L1X2V5",272
"185 WINDALE CRESCENT UNIT 5D|KITCHENER, ONTARIO N2E0G3",273
"44 BELLEVUE AVE|TORONTO, ONTARIO M5T2N4",274
"53 NEWBURY DR|NEWMARKET, ONTARIO L3Y4P9",275
"54A 54 WATER ST|SCUGOG, ONTARIO L9L1J2",276
"16 LADY GWILLIM AVE|NEWMARKET, ONTARIO L9N0A5",277
"69 COLONIAL CRES|RICHMOND HILL, ONTARIO L4E3X3",278
"28 PRIDHAM PL|NEW TECUMSETH, ONTARIO L0G1W0",279
"47 GEE CRES|KAWARTHA LAKES, ONTARIO K9V0G9",280
"10 HERRIMAN ST|CLARINGTON, ONTARIO L1C4L6",281
"372 BURNS BLVD|KING, ONTARIO L7B1E1",282
"1510 TERRACOTTA  CRES|PICKERING, ONTARIO L1X2M8",283
"478 WINONA DR|TORONTO, ONTARIO M6C3T7",284
"36 ENFORD CRES|BRAMPTON, ONTARIO L7A4C7",285
"3 ANGELFISH RD|BRAMPTON, ONTARIO L7A5C5",286
"133 ADVENTURE CRES|VAUGHAN, ONTARIO L6A3J1",287
"162 HOLLYWOOD HILL CIRC|VAUGHAN, ONTARIO L4H2P2",288
"1398 CHARTER CRES|OSHAWA, ONTARIO L1J8K8",289
"49 HALDER CRES|MARKHAM, ONTARIO L3R7G3",290
"156 MCNICOLL AVE|TORONTO, ONTARIO M2H2B9",291
"137 YORKLAND ST|RICHMOND HILL, ONTARIO L4S1C5",292
"121 FREDERICK ST|BRADFORD WEST GWILLIMBURY, ONTARIO L3Z1P7",293
"588 MCBEAN AVE AVE N|NEWMARKET, ONTARIO L3X2L5",294
"254 ELBERN MARKELL DR|BRAMPTON, ONTARIO L6X3C2",295
"4 4 HUBBELL ROAD|BRAMPTON, ONTARIO L6Y2A5",296
"4 HUBBELL RD|BRAMPTON, ONTARIO L6Y2A5",297
"2 981983 LAKESHORE RD E|MISSISSAUGA, ONTARIO L5E1E5",298
"3 981983 LAKESHORE RD E|MISSISSAUGA, ONTARIO L5E1E5",299
"3737 PARTITION RD|MISSISSAUGA, ONTARIO L5N8N6",300
"3296 CAMBERWELL DR|MISSISSAUGA, ONTARIO L5M6T3",301
"681 CORONATION BOULEVARD|CAMBRIDGE, ONTARIO N1R3G5",302
"1322 MOWAT LANE|MILTON, ONTARIO L9T6C2",303
"188 HOLMES CRES|MILTON, ONTARIO L9T0V9",304
"311 HINTON TERR|MILTON, ONTARIO L9E1C8",305
"241 ETHERIDGE AVE|MILTON, ONTARIO L9E1H7",306
"32 DENLOW RD|BRAMPTON, ONTARIO L6Y2L4",307
"228 BERNARD AVE|RICHMOND HILL, ONTARIO L4S1E2",308
"290 BOGERT AVE|TORONTO, ONTARIO M2N1L5",309
"87 DAWES RD|TORONTO, ONTARIO M4C5B2",310
"46 GRADWELL DR|TORONTO, ONTARIO M1M2M9",311
"128A WEIR CRES|TORONTO, ONTARIO M1E3B4",312
"16 REGINA AVE|TORONTO, ONTARIO M6A1R1",313
"4 LARCHMERE AVE|TORONTO, ONTARIO M9L2N1",314
"22 CAPTAIN ROLPH BLVD|MARKHAM, ONTARIO L3P2P6",315
"109 YORKLAND ST|RICHMOND HILL, ONTARIO L4S1C4",316
"40 HENLEY CRES|TORONTO, ONTARIO M9W2W9",317
"128 FLETCHER AVE|AJAX, ONTARIO L1Z1G2",318
"14 BELTON CRT|WHITBY, ONTARIO L1N5P1",319
"11 DUVAL DR|TORONTO, ONTARIO M6L2J9",320
"2 PENBRIDGE  CIRC|BRAMPTON, ONTARIO L7A2P8",321
"67 COMMODORE DR|BRAMPTON, ONTARIO L6X0T4",322
"222 DUNVIEW BASMENT AVE|TORONTO, ONTARIO M2N4J1",323
"25 NOAKE  CRES|AJAX, ONTARIO L1T3L5",324
"18 MEADOW LANE AVE|TORONTO, ONTARIO M3L1C1",325
"28 CASTLE ROCK CRT|MARKHAM, ONTARIO L3S0C8",326
"174 GOLDEN GATE  CIRC|VAUGHAN, ONTARIO L4H1N5",327
"447 PORT ROYAL TR|TORONTO, ONTARIO M1V4P9",328
"303 1325 YORK MILLS RD|TORONTO, ONTARIO M3A1Z6",329
"231 MARGARET DR|OAKVILLE, ONTARIO L6K2W3",330
"19 REDNOR DR|BRAMPTON, ONTARIO L6P1P4",331
"47 LONGFORD DR|NEWMARKET, ONTARIO L3Y2Y6",332
"MAIN 32 LLOYD ST S|HAMILTON, ONTARIO L8L3H4",333
"102 204 KINGSTON RD|TORONTO, ONTARIO M4L1S7",334
"27 VIAMEDE CRES|TORONTO, ONTARIO M2K2A7",335
"301 210 CARLTON ST|TORONTO, ONTARIO M5A2L1",336
"307 PACIFIC AVE|TORONTO, ONTARIO M6P2P8",337
"202 270 HAGEN ST E|SOUTHGATE, ONTARIO N0C1B0",338
"189 CHERRYWOOD DR|NEWMARKET, ONTARIO L3Y2X9",339
"6 KERR LANE RD|AURORA, ONTARIO L4G0E5",340
"2004 ST PAUL  RD|INNISFIL, ONTARIO L9S1T6",341
"2 ROSS LINTON DR|AURORA, ONTARIO L4G6T3",342
"33 DROMORE  CRES|TORONTO, ONTARIO M2R2H4",343
"53 CHERHILL DR|VAUGHAN, ONTARIO L6A1H6",344
"9 RAMBLER  PL|TORONTO, ONTARIO M3L1N6",345
"117 BARLI CRES|VAUGHAN, ONTARIO L6A4S2",346
"103 MANITOU CRES|BRAMPTON, ONTARIO L6S2Z6",347
"32 TODMORDEN DR|BRAMPTON, ONTARIO L7A1M7",348
"33 BILBERMAR DR|RICHMOND HILL, ONTARIO L4S1B9",349
"27 MIDDLECOTE DR|AJAX, ONTARIO L1T0A4",350
"1294 SUNNINGDALE AVE|OSHAWA, ONTARIO L1H8G7",351
"1458 209 FORT YORK BLVD|TORONTO, ONTARIO M5V4A1",352
"106 1005 KING ST W|TORONTO, ONTARIO M6K3M8",353
"5 3215 THOMAS ST|MISSISSAUGA, ONTARIO L5M0M1",354
"3001 KEYNES CRES|MISSISSAUGA, ONTARIO L5N2Z9",355
"515 MAIN STREET SOUTH STREET UNIT 1|ROCKWOOD, ONTARIO N0B2K0",356
"1 36 GRANT AVENUE|HAMILTON, ONTARIO L8N2X5",357
"3 36 GRANT AVENUE|HAMILTON, ONTARIO L8N2X5",358
"39 KIMBLE AVE|CLARINGTON, ONTARIO L1C0J7",359
"84 CARTER DR|BRAMPTON, ONTARIO L6V3N5",360
"11 VALERIAN ST|BRAMPTON, ONTARIO L6P3N9",361
"2 105 BROCK ST S|WHITBY, ONTARIO L1N4J9",362
"163 CABANA DR|TORONTO, ONTARIO M9L1L2",363
"A 485 ORIOLE PKWY|TORONTO, ONTARIO M5P2H9",364
"3645 INDIGO CRES|MISSISSAUGA, ONTARIO L5N7J1",365
"153 GAINSBOROUGH RD|TORONTO, ONTARIO M4L3C3",366
"339 BYNG AVE|TORONTO, ONTARIO M2N4Y9",367
"39 VENZA CRT|BRAMPTON, ONTARIO L6X5K4",368
"19 MARINUCCI CRT|RICHMOND HILL, ONTARIO L4C0M3",369
"3 123 ROBINSON STREET|HAMILTON, ONTARIO L8P1Z3",370
"210 270 HAGEN ST|SOUTHGATE, ONTARIO N0C1B0",371
"270 HAGAN STREET UNIT 210|DUNDALK, ONTARIO N0C1B0",372
"3 SCARLETT DR|BRAMPTON, ONTARIO L6Y3S9",373
"17 WHITEFISH ST|WHITBY, ONTARIO L1P0K5",374
"43 PAGE CRES|MARKHAM, ONTARIO L3S1W2",375
"379 SHARON AVE|OSHAWA, ONTARIO L1H3S9",376
"80 CASTLEHILL RD|BRAMPTON, ONTARIO L6X4C8",377
"25 FEEDER ST|BRAMPTON, ONTARIO L7A4T7",378
"64 WALTER AVE|NEWMARKET, ONTARIO L3Y2T3",379
"156 SUNDEW DR|BARRIE, ONTARIO L4N9N1",380
"304 302 SPADINA AVE|TORONTO, ONTARIO M5T2E7",381
"880 COLLEGE ST|TORONTO, ONTARIO M6H1A3",382
"114 415 JARVIS ST|TORONTO, ONTARIO M4Y2G8",383
"230 RIVERMONT RD|BRAMPTON, ONTARIO L6Y6E1",384
"860 LIVERPOOL RD|PICKERING, ONTARIO L1W1S4",385
"2 HALLIDAY ST|AJAX, ONTARIO L1Z0N5",386
"544 GILLMOSS  RD|PICKERING, ONTARIO L1W3J4",387
"31 CLARION CRES|MARKHAM, ONTARIO L3S3M4",388
"20 WOODCROFT CRES|TORONTO, ONTARIO M6E1W8",389
"192  CANYON HILL  AVE|RICHMOND HILL, ONTARIO L4C0R3",390
"285 TERRA RD|VAUGHAN, ONTARIO L4L3J4",391
"36 RAVENWOOD  DR|BRAMPTON, ONTARIO L6Y3Y7",392
"21 ADANAC DR|WHITBY, ONTARIO L1N2K6",393
"305 BEECH ST W|WHITBY, ONTARIO L1N3B3",395
"311 80 KING WILLIAM STREET|HAMILTON, ONTARIO L8R0A1",396
"68 HIGHLAND RD|KITCHENER, ONTARIO N2M3B5",397
"35 VICMOUNT DRIVE|KITCHENER, ONTARIO N2M2A2",398
"63 WHEATFIELD  CRES|KITCHENER, ONTARIO N2P1P7",399
"2632  LUNDENE RD|MISSISSAUGA, ONTARIO L5J1P8",400
"321 CARRIAGE WAY N UNIT B|WATERLOO, ONTARIO N2K1S5",401
